seq_id,file_path,start_ts,end_ts,hours,km,outage_minutes
ronin_a000_4,processed/ronin/ronin_a000_4,0.0,463.97,0.1289,0.25,0.0
ronin_a000_5,processed/ronin/ronin_a000_5,0.0,321.01,0.0892,0.217,0.0
ronin_a000_6,processed/ronin/ronin_a000_6,0.0,312.29,0.0867,0.249,0.0
ronin_a004_2,processed/ronin/ronin_a004_2,0.0,738.28,0.2051,0.635,0.0
ronin_a004_3,processed/ronin/ronin_a004_3,0.0,310.09,0.0861,0.256,0.0
ronin_a020_1,processed/ronin/ronin_a020_1,0.0,534.09,0.1484,0.345,0.0
ronin_a020_2,processed/ronin/ronin_a020_2,0.0,458.7,0.1274,0.23,0.0
ronin_a020_3,processed/ronin/ronin_a020_3,0.0,699.66,0.1943,0.32,0.0
ronin_a039_1,processed/ronin/ronin_a039_1,0.0,521.63,0.1449,0.431,0.0
ronin_a039_2,processed/ronin/ronin_a039_2,0.0,598.84,0.1663,0.532,0.0
ronin_a055_2,processed/ronin/ronin_a055_2,0.0,688.7,0.1913,0.832,0.0
ronin_a055_3,processed/ronin/ronin_a055_3,0.0,702.92,0.1953,0.875,0.0
ronin_a056_1,processed/ronin/ronin_a056_1,0.0,484.45,0.1346,0.251,0.0
ronin_a056_3,processed/ronin/ronin_a056_3,0.0,728.3,0.2023,0.359,0.0
ronin_a000_10,processed/ronin/ronin_a000_10,0.0,487.44,0.1354,0.483,0.0
ronin_a000_7,processed/ronin/ronin_a000_7,0.0,323.76,0.0899,0.288,0.0
ronin_a002_1,processed/ronin/ronin_a002_1,0.0,1068.58,0.2968,0.613,0.0
ronin_a002_2,processed/ronin/ronin_a002_2,0.0,1163.93,0.3233,0.578,0.0
ronin_a009_1,processed/ronin/ronin_a009_1,0.0,501.72,0.1394,0.288,0.0
ronin_a009_2,processed/ronin/ronin_a009_2,0.0,694.74,0.193,0.296,0.0
ronin_a009_3,processed/ronin/ronin_a009_3,0.0,634.77,0.1763,0.384,0.0
ronin_a013_1,processed/ronin/ronin_a013_1,0.0,454.9,0.1264,0.301,0.0
ronin_a013_2,processed/ronin/ronin_a013_2,0.0,661.1,0.1836,0.358,0.0
ronin_a013_3,processed/ronin/ronin_a013_3,0.0,600.84,0.1669,0.333,0.0
ronin_a014_1,processed/ronin/ronin_a014_1,0.0,445.72,0.1238,0.448,0.0
ronin_a014_2,processed/ronin/ronin_a014_2,0.0,608.04,0.1689,0.589,0.0
ronin_a014_3,processed/ronin/ronin_a014_3,0.0,619.23,0.172,0.548,0.0
ronin_a016_1,processed/ronin/ronin_a016_1,0.0,486.24,0.1351,0.335,0.0
ronin_a016_3,processed/ronin/ronin_a016_3,0.0,832.6,0.2313,0.426,0.0
ronin_a018_1,processed/ronin/ronin_a018_1,0.0,507.22,0.1409,0.292,0.0
ronin_a018_2,processed/ronin/ronin_a018_2,0.0,868.73,0.2413,0.484,0.0
ronin_a018_3,processed/ronin/ronin_a018_3,0.0,745.2,0.207,0.465,0.0
ronin_a026_1,processed/ronin/ronin_a026_1,0.0,448.91,0.1247,0.388,0.0
ronin_a026_2,processed/ronin/ronin_a026_2,0.0,613.19,0.1703,0.579,0.0
ronin_a026_3,processed/ronin/ronin_a026_3,0.0,849.02,0.2358,0.854,0.0
ronin_a028_1,processed/ronin/ronin_a028_1,0.0,524.11,0.1456,0.352,0.0
ronin_a028_3,processed/ronin/ronin_a028_3,0.0,693.19,0.1926,0.413,0.0
ronin_a032_1,processed/ronin/ronin_a032_1,0.0,486.67,0.1352,0.401,0.0
ronin_a032_3,processed/ronin/ronin_a032_3,0.0,723.9,0.2011,0.543,0.0
ronin_a036_1,processed/ronin/ronin_a036_1,0.0,537.04,0.1492,0.426,0.0
ronin_a036_2,processed/ronin/ronin_a036_2,0.0,753.18,0.2092,0.771,0.0
ronin_a036_3,processed/ronin/ronin_a036_3,0.0,632.45,0.1757,0.588,0.0
ronin_a037_1,processed/ronin/ronin_a037_1,0.0,540.07,0.15,0.393,0.0
ronin_a037_3,processed/ronin/ronin_a037_3,0.0,883.93,0.2455,0.602,0.0
ronin_a042_2,processed/ronin/ronin_a042_2,0.0,735.13,0.2042,0.415,0.0
ronin_a043_1,processed/ronin/ronin_a043_1,0.0,337.44,0.0937,0.289,0.0
ronin_a043_3,processed/ronin/ronin_a043_3,0.0,683.66,0.1899,0.398,0.0
ronin_a047_1,processed/ronin/ronin_a047_1,0.0,521.15,0.1448,0.257,0.0
ronin_a047_2,processed/ronin/ronin_a047_2,0.0,684.25,0.1901,0.526,0.0
ronin_a047_3,processed/ronin/ronin_a047_3,0.0,695.37,0.1932,0.475,0.0
ronin_a051_1,processed/ronin/ronin_a051_1,0.0,938.22,0.2606,0.477,0.0
ronin_a051_2,processed/ronin/ronin_a051_2,0.0,737.13,0.2048,0.244,0.0
ronin_a051_3,processed/ronin/ronin_a051_3,0.0,392.65,0.1091,0.174,0.0
ronin_a053_1,processed/ronin/ronin_a053_1,0.0,483.49,0.1343,0.441,0.0
ronin_a053_2,processed/ronin/ronin_a053_2,0.0,656.73,0.1824,0.694,0.0
ronin_a053_3,processed/ronin/ronin_a053_3,0.0,609.42,0.1693,0.615,0.0
ronin_a054_1,processed/ronin/ronin_a054_1,0.0,376.55,0.1046,0.385,0.0
ronin_a054_2,processed/ronin/ronin_a054_2,0.0,620.79,0.1724,0.513,0.0
ronin_a054_3,processed/ronin/ronin_a054_3,0.0,685.64,0.1905,0.765,0.0
ronin_a058_1,processed/ronin/ronin_a058_1,0.0,509.77,0.1416,0.422,0.0
ronin_a058_2,processed/ronin/ronin_a058_2,0.0,691.18,0.192,0.562,0.0
ronin_a058_3,processed/ronin/ronin_a058_3,0.0,668.91,0.1858,0.639,0.0
ronin_a059_1,processed/ronin/ronin_a059_1,0.0,428.66,0.1191,0.373,0.0
ronin_a059_2,processed/ronin/ronin_a059_2,0.0,450.27,0.1251,0.356,0.0
ronin_a059_3,processed/ronin/ronin_a059_3,0.0,433.51,0.1204,0.438,0.0
